Wall time,Step,Value
1691129382.203028,16000,0.16200000047683716
1691129533.900955,72000,0.25040000677108765
1691129773.207226,160000,0.30640000104904175
1691129849.576961,188000,0.31189998984336853
1691130015.71199,248000,0.33399999141693115
1691130026.832819,252000,0.3361000120639801
1691130115.919475,284000,0.3490000069141388
1691130182.350807,308000,0.35260000824928284
1691130237.797143,328000,0.36039999127388
1691130315.77964,356000,0.36329999566078186
1691130472.894252,412000,0.3702000081539154
1691130518.023439,428000,0.37599998712539673
1691130676.013569,484000,0.3840000033378601
1691130754.936507,512000,0.38690000772476196
1691130777.511402,520000,0.38440001010894775
1691131083.230748,628000,0.39309999346733093
1691131117.348022,640000,0.39329999685287476
1691131140.025843,648000,0.39430001378059387
1691131162.634388,656000,0.39489999413490295
1691131253.011295,688000,0.39879998564720154
1691131468.811646,764000,0.40220001339912415
1691131605.273086,812000,0.4027999937534332
1691131628.025504,820000,0.40450000762939453
1691131900.628583,916000,0.4090999960899353
1691132072.644804,976000,0.40630000829696655
1691132084.12961,980000,0.4068000018596649
1691132245.441439,1036000,0.41029998660087585
1691132383.938904,1084000,0.4122999906539917
1691132418.584243,1096000,0.41100001335144043
1691132510.880321,1128000,0.41359999775886536
1691132545.492237,1140000,0.415800005197525
1691132660.381849,1180000,0.41530001163482666
1691132904.324689,1264000,0.4147000014781952
1691132939.118102,1276000,0.415800005197525
1691132973.890591,1288000,0.41609999537467957
1691133251.70803,1384000,0.41200000047683716
1691133391.625984,1432000,0.4180000126361847
1691133461.650358,1456000,0.4189999997615814
1691133485.152621,1464000,0.4178999960422516
1691133625.984566,1512000,0.41990000009536743
1691133719.8138,1544000,0.4205999970436096
1691133766.497657,1560000,0.4219000041484833
1691133906.714777,1608000,0.4214000105857849
1691134058.403161,1660000,0.42289999127388
1691134139.81391,1688000,0.4205000102519989
1691134301.481538,1744000,0.4228000044822693
1691134313.138994,1748000,0.4239000082015991
1691134336.486641,1756000,0.4185999929904938
1691134418.086411,1784000,0.4239000082015991
1691134593.097624,1844000,0.426800012588501
1691134639.981443,1860000,0.4262999892234802
1691134757.147164,1900000,0.4300999939441681
1691134815.519664,1920000,0.43050000071525574
1691134827.204318,1924000,0.43309998512268066
1691134897.370377,1948000,0.43070000410079956
1691135166.027887,2040000,0.43320000171661377
1691135189.587401,2048000,0.43459999561309814
1691135201.379953,2052000,0.43309998512268066
1691135248.336368,2068000,0.43369999527931213
1691135436.472892,2132000,0.43479999899864197
1691135495.75976,2152000,0.4293000102043152
1691135519.363042,2160000,0.4309999942779541
1691135661.421178,2208000,0.4336000084877014
1691135708.852932,2224000,0.43720000982284546
1691135780.105247,2248000,0.43709999322891235
1691136113.929631,2360000,0.43790000677108765
1691136161.79593,2376000,0.44209998846054077
1691136185.753253,2384000,0.43880000710487366
1691136570.168489,2512000,0.4422999918460846
1691136582.232558,2516000,0.4431999921798706
1691136678.708252,2548000,0.4424999952316284
1691136751.084111,2572000,0.44440001249313354
1691136763.165073,2576000,0.4408999979496002
1691136932.087129,2632000,0.4410000145435333
1691137040.859822,2668000,0.4406000077724457
1691137137.854632,2700000,0.4465999901294708
1691137368.801951,2776000,0.44449999928474426
1691137696.897716,2884000,0.44510000944137573
1691137745.3676,2900000,0.44510000944137573
1691137976.571507,2976000,0.4433000087738037
1691138219.972127,3056000,0.44609999656677246
1691138354.31976,3100000,0.4487999975681305
1691138366.49001,3104000,0.44920000433921814
1691138440.068664,3128000,0.44670000672340393
1691138513.820171,3152000,0.4503999948501587
1691138710.464721,3216000,0.4480000138282776
1691138722.753435,3220000,0.44769999384880066
1691138747.297649,3228000,0.44780001044273376
1691138894.67298,3276000,0.4521999955177307
1691139055.018254,3328000,0.45179998874664307
1691139364.693189,3428000,0.4530999958515167
1691139476.075801,3464000,0.4507000148296356
1691139537.90103,3484000,0.4514999985694885
1691139723.729405,3544000,0.453000009059906
1691139859.965815,3588000,0.4544000029563904
1691139909.621658,3604000,0.4519999921321869
1691140271.254433,3720000,0.4575999975204468
1691140421.023691,3768000,0.4510999917984009
1691140507.71276,3796000,0.45329999923706055
1691141130.368817,3996000,0.4551999866962433
1691141168.05262,4008000,0.4553999900817871
1691141192.708211,4016000,0.4553000032901764
1691141329.773022,4060000,0.4578999876976013
1691141417.404156,4088000,0.45730000734329224
1691141467.835289,4104000,0.45590001344680786
1691141492.900095,4112000,0.45509999990463257
1691141605.459612,4148000,0.4546999931335449
1691141845.047189,4224000,0.4578000009059906
1691142021.742294,4280000,0.45559999346733093
1691142034.226783,4284000,0.45739999413490295
1691142059.44383,4292000,0.4595000147819519
1691142109.918617,4308000,0.4593999981880188
1691142222.121573,4344000,0.4607999920845032
1691142373.899137,4392000,0.4584999978542328
1691142424.39641,4408000,0.4609000086784363
1691142449.806778,4416000,0.45879998803138733
1691142513.62236,4436000,0.45910000801086426
1691142539.101557,4444000,0.4629000127315521
1691142666.635315,4484000,0.4618000090122223
1691142717.47965,4500000,0.4595000147819519
1691142806.796767,4528000,0.46059998869895935
1691142832.268698,4536000,0.45899999141693115
1691142985.03903,4584000,0.45890000462532043
1691143048.863186,4604000,0.4571000039577484
1691143061.491988,4608000,0.4602000117301941
1691143214.506468,4656000,0.46140000224113464
1691143342.021495,4696000,0.4603999853134155
1691143367.455607,4704000,0.4595000147819519
1691143469.632624,4736000,0.45750001072883606
1691143585.122646,4772000,0.46000000834465027
1691143597.932144,4776000,0.46059998869895935
1691143905.73174,4872000,0.46000000834465027
1691143996.019134,4900000,0.46230000257492065
1691144266.914478,4984000,0.4611999988555908
1691144330.988514,5004000,0.4596000015735626
1691144343.885878,5008000,0.4611000120639801
1691144369.638234,5016000,0.4578999876976013
1691144408.378958,5028000,0.46129998564720154
1691144459.430253,5044000,0.4620000123977661
1691144535.847749,5068000,0.46320000290870667
1691144586.999716,5084000,0.46219998598098755
1691144650.576196,5104000,0.46459999680519104
1691144934.004547,5192000,0.4643999934196472
1691145037.453639,5224000,0.4659000039100647
1691145244.907603,5288000,0.46630001068115234
1691145284.154046,5300000,0.4641999900341034
1691145544.995045,5380000,0.4629000127315521
1691145741.241536,5440000,0.4652000069618225
1691145793.929142,5456000,0.46219998598098755
1691145937.611078,5500000,0.4666999876499176
1691145950.763514,5504000,0.4641000032424927
1691146488.381194,5668000,0.46140000224113464
1691146769.756603,5752000,0.46540001034736633
1691146783.243798,5756000,0.46700000762939453
1691147023.370748,5828000,0.4666999876499176
1691147036.706015,5832000,0.46560001373291016
1691147248.780887,5896000,0.4657999873161316
1691147275.433329,5904000,0.4652000069618225
1691147462.181085,5960000,0.46630001068115234
1691147515.38536,5976000,0.4675999879837036
1691147621.932792,6008000,0.46810001134872437
1691147728.733364,6040000,0.46970000863075256
1691147768.867133,6052000,0.4690000116825104
1691147809.230336,6064000,0.46700000762939453
1691147971.327505,6112000,0.4693000018596649
1691148240.82761,6192000,0.4724000096321106
1691148281.150238,6204000,0.4724999964237213
1691148469.242219,6260000,0.46869999170303345
1691148509.652417,6272000,0.4699000120162964
1691148576.927245,6292000,0.4683000147342682
1691148617.269899,6304000,0.46860000491142273
1691148738.309574,6340000,0.4713999927043915
1691148886.114541,6384000,0.47130000591278076
1691148953.938906,6404000,0.4699000120162964
1691148981.077407,6412000,0.46709999442100525
1691149305.631622,6508000,0.46709999442100525
1691149414.004248,6540000,0.4681999981403351
1691149441.247495,6548000,0.46970000863075256
1691149889.776268,6680000,0.47029998898506165
1691150012.246694,6716000,0.4724999964237213
1691150094.308517,6740000,0.46860000491142273
1691150218.13996,6776000,0.46869999170303345
1691150327.929412,6808000,0.47200000286102295
1691150355.337312,6816000,0.4715999960899353
1691150396.439768,6828000,0.47209998965263367
1691150451.132053,6844000,0.47209998965263367
1691150547.374586,6872000,0.4706000089645386
1691150921.034841,6980000,0.46779999136924744
1691151337.441915,7100000,0.47040000557899475
1691151365.34633,7108000,0.4706000089645386
1691151532.284299,7156000,0.46860000491142273
1691151574.073617,7168000,0.47130000591278076
1691151685.346378,7200000,0.46869999170303345
1691152341.121611,7388000,0.47200000286102295
1691152397.237822,7404000,0.4713999927043915
1691152523.512078,7440000,0.4733000099658966
1691152593.501298,7460000,0.47350001335144043
1691152621.529473,7468000,0.47290000319480896
1691152915.681321,7552000,0.4702000021934509
1691153071.337589,7596000,0.47269999980926514
1691153113.353542,7608000,0.47350001335144043
1691153197.919526,7632000,0.4729999899864197
1691153212.054137,7636000,0.47290000319480896
1691153424.283071,7696000,0.4756999909877777
1691153593.72394,7744000,0.47290000319480896
1691153650.18586,7760000,0.47450000047683716
1691153720.888617,7780000,0.47290000319480896
1691153749.151443,7788000,0.4733000099658966
1691153934.894365,7840000,0.4731999933719635
1691153949.164886,7844000,0.4747999906539917
1691154020.905733,7864000,0.47130000591278076
1691154177.619919,7908000,0.4722999930381775
1691154206.091668,7916000,0.4740000069141388
1691154319.849017,7948000,0.4717000126838684
1691155506.492077,8280000,0.4724000096321106
1691155632.912335,8316000,0.47429999709129333
1691155772.138808,8356000,0.47350001335144043
1691155924.965311,8400000,0.47369998693466187
1691156125.655286,8456000,0.47450000047683716
1691156140.1047,8460000,0.4763999879360199
1691156196.591107,8476000,0.4747999906539917
1691156210.369795,8480000,0.4731999933719635
1691156309.990402,8508000,0.4740999937057495
1691156479.009469,8556000,0.4722999930381775
1691156898.077956,8676000,0.4745999872684479
1691157254.100238,8776000,0.474700003862381
1691157472.788599,8836000,0.47209998965263367
1691157559.298687,8860000,0.4749999940395355
1691157906.563297,8956000,0.4731999933719635
1691157979.21911,8976000,0.4756999909877777
1691158522.786505,9124000,0.47369998693466187
1691159040.054231,9264000,0.4731999933719635
1691159084.868569,9276000,0.47380000352859497
1691159429.202257,9368000,0.4717000126838684
1691159681.158253,9436000,0.4726000130176544
1691160127.769237,9556000,0.4722999930381775
1691160187.403711,9572000,0.4717999994754791
1691160202.579298,9576000,0.47369998693466187
1691160832.269328,9744000,0.47209998965263367
1691160908.383491,9764000,0.4702000021934509
1691161105.815834,9816000,0.4706000089645386
1691161224.87423,9848000,0.4706999957561493
1691161269.617803,9860000,0.4713999927043915
1691161568.741039,9940000,0.47189998626708984
1691161689.590008,9972000,0.47200000286102295
1691161765.031817,9992000,0.4724999964237213
1691161841.575619,10012000,0.47189998626708984
1691162058.7324,10068000,0.47110000252723694
1691162089.853736,10076000,0.4729999899864197
1691162229.929081,10112000,0.47200000286102295
1691162261.115186,10120000,0.47119998931884766
1691162820.821084,10264000,0.47049999237060547
1691162992.345533,10308000,0.4706999957561493
1691163008.153219,10312000,0.47360000014305115
1691163165.503509,10352000,0.4708000123500824
1691163338.645225,10396000,0.4699000120162964
1691163449.357417,10424000,0.47110000252723694
1691163656.213489,10476000,0.4708000123500824
1691163783.200094,10508000,0.46810001134872437
1691163799.098729,10512000,0.46959999203681946
1691163910.29347,10540000,0.4684999883174896
1691163973.895784,10556000,0.4699000120162964
1691164037.170207,10572000,0.46939998865127563
1691164337.489392,10648000,0.4706000089645386
1691164466.070228,10680000,0.47040000557899475
1691164482.182126,10684000,0.47040000557899475
1691164530.384578,10696000,0.4717999994754791
1691164642.438079,10724000,0.47279998660087585
1691164690.490561,10736000,0.47110000252723694
1691164722.59369,10744000,0.4717000126838684
1691164770.7418,10756000,0.47099998593330383
1691164834.625988,10772000,0.4726000130176544
1691164979.129499,10808000,0.4708999991416931
1691165075.766533,10832000,0.46970000863075256
1691165156.759783,10852000,0.4715999960899353
1691165221.29996,10868000,0.4708999991416931
1691165415.161666,10916000,0.4706000089645386
1691165431.28742,10920000,0.4708000123500824
1691165496.049875,10936000,0.4691999852657318
1691165577.578679,10956000,0.47110000252723694
1691165593.919323,10960000,0.4722999930381775
1691165805.223543,11012000,0.4717000126838684
1691165821.391009,11016000,0.4724000096321106
1691165837.621238,11020000,0.47269999980926514
1691165918.84422,11040000,0.46970000863075256
1691166000.146034,11060000,0.4717000126838684
1691166049.279087,11072000,0.47029998898506165
1691166214.066586,11112000,0.4738999903202057
1691166329.820076,11140000,0.4747999906539917
1691166776.513121,11248000,0.4726000130176544
1691167141.076257,11336000,0.4715999960899353
1691167306.638377,11376000,0.47510001063346863
1691167590.247245,11444000,0.4731999933719635
1691167607.035552,11448000,0.47360000014305115
1691167926.769233,11524000,0.47589999437332153
1691168554.576889,11672000,0.4706000089645386
1691168605.523141,11684000,0.4717999994754791
1691168827.026013,11736000,0.4717999994754791
1691169137.93346,11808000,0.4713999927043915
1691169189.349198,11820000,0.4733000099658966
1691169309.83545,11848000,0.4733999967575073
1691169361.50285,11860000,0.47279998660087585
1691169499.516763,11892000,0.4738999903202057
1691169724.853113,11944000,0.4733000099658966
1691169896.930006,11984000,0.4724000096321106
1691170295.264695,12076000,0.47049999237060547
1691170552.17805,12136000,0.4690999984741211
1691170776.683788,12188000,0.4699000120162964
1691171399.046292,12332000,0.4731999933719635
1691171416.278084,12336000,0.47350001335144043
1691171748.897821,12412000,0.47209998965263367
1691171766.569072,12416000,0.47290000319480896
1691171783.790753,12420000,0.47269999980926514
1691171959.302575,12460000,0.4726000130176544
1691172029.698849,12476000,0.4693000018596649
1691172047.23562,12480000,0.4724999964237213
1691172064.792539,12484000,0.46939998865127563
1691172152.491393,12504000,0.4740999937057495
1691172188.280177,12512000,0.47279998660087585
1691172489.710398,12580000,0.4697999954223633
1691172985.596678,12692000,0.4722999930381775
1691173074.928266,12712000,0.4733999967575073
1691173324.686793,12768000,0.4742000102996826
1691173449.472298,12796000,0.4733000099658966
1691173538.493671,12816000,0.4745999872684479
1691173770.520311,12868000,0.47119998931884766
1691173824.5872,12880000,0.4722000062465668
1691173860.604125,12888000,0.47369998693466187
1691173986.758894,12916000,0.4729999899864197
1691174205.040473,12964000,0.47350001335144043
1691174644.072044,13060000,0.4724999964237213
1691174699.773198,13072000,0.47269999980926514
1691175402.248508,13224000,0.47679999470710754
1691176045.20312,13360000,0.4758000075817108
1691176350.561416,13424000,0.4747999906539917
1691176694.248348,13496000,0.47369998693466187
1691176791.310608,13516000,0.4756999909877777
1691176887.539264,13536000,0.47609999775886536
1691176906.955636,13540000,0.4756999909877777
1691177062.011539,13572000,0.4749999940395355
1691177277.039723,13616000,0.4749999940395355
1691177549.294815,13672000,0.4763000011444092
1691177704.612699,13704000,0.4772000014781952
1691177860.561676,13736000,0.4749000072479248
1691177957.926239,13756000,0.4772999882698059
1691178390.818466,13844000,0.47859999537467957
1691178528.42314,13872000,0.476500004529953
1691178828.269618,13932000,0.4781999886035919
1691178848.210496,13936000,0.47609999775886536
1691178868.107327,13940000,0.47540000081062317
1691178987.872564,13964000,0.47690001130104065
1691179027.692804,13972000,0.4763000011444092
1691179167.51491,14000000,0.4771000146865845
1691179691.721068,14104000,0.4797999858856201
1691180055.545201,14176000,0.4790000021457672
1691180178.445208,14200000,0.4767000079154968
1691180508.484507,14264000,0.48010000586509705
1691180570.48531,14276000,0.478300005197525
1691180715.448849,14304000,0.4796999990940094
1691180963.819334,14352000,0.48080000281333923
1691181212.767258,14400000,0.4754999876022339
1691181485.011637,14452000,0.47620001435279846
1691181506.015047,14456000,0.4763999879360199
1691181548.029128,14464000,0.474700003862381
1691181844.523902,14520000,0.4756999909877777
1691182364.464715,14616000,0.47530001401901245
1691182429.785509,14628000,0.47679999470710754
1691182473.119996,14636000,0.478300005197525
1691182516.774598,14644000,0.47690001130104065
1691182581.896065,14656000,0.4740999937057495
1691182668.837422,14672000,0.4763999879360199
1691182734.995188,14684000,0.478300005197525
1691183153.61902,14760000,0.4738999903202057
1691183373.74408,14800000,0.47769999504089355
1691183637.510986,14848000,0.4747999906539917
1691183747.958904,14868000,0.4765999913215637
1691184370.70545,14980000,0.4771000146865845
1691184393.419284,14984000,0.4740000069141388
1691184438.917669,14992000,0.476500004529953
1691184552.384012,15012000,0.4740999937057495
1691184575.017961,15016000,0.4740999937057495
1691184734.512624,15044000,0.4724999964237213
1691184780.045172,15052000,0.47450000047683716
1691185213.199108,15128000,0.4738999903202057
1691185236.242432,15132000,0.475600004196167
1691185328.372451,15148000,0.47360000014305115
1691185397.881323,15160000,0.4733000099658966
1691185937.224772,15252000,0.47780001163482666
1691186173.261581,15292000,0.4779999852180481
1691186771.052635,15392000,0.47519999742507935
1691186818.890331,15400000,0.4781999886035919
1691187058.616924,15440000,0.47929999232292175
1691187276.493384,15476000,0.48069998621940613
1691188080.585055,15608000,0.47870001196861267
1691188301.680625,15644000,0.4803999960422516
1691188399.923345,15660000,0.4803999960422516
1691188548.817096,15684000,0.4796000123023987
1691188849.561784,15732000,0.4796000123023987
1691188924.53785,15744000,0.482699990272522
1691189350.192752,15812000,0.4799000024795532
1691189450.514956,15828000,0.48170000314712524
1691189679.610989,15864000,0.47859999537467957
1691189918.46742,15900000,0.47920000553131104
1691190078.561903,15924000,0.48100000619888306
1691190917.930768,16048000,0.4805000126361847
1691190971.829535,16056000,0.4839000105857849
1691191215.713044,16092000,0.4796000123023987
1691191516.188683,16136000,0.4814999997615814
1691191679.615181,16160000,0.4812999963760376
1691191872.263698,16188000,0.48030000925064087
1691192902.43666,16336000,0.4781000018119812
1691193609.02474,16436000,0.47760000824928284
1691193778.249162,16460000,0.47609999775886536
1691193948.733217,16484000,0.47620001435279846
1691194034.83469,16496000,0.47699999809265137
1691194668.78537,16584000,0.47850000858306885
1691194956.011177,16624000,0.47839999198913574
1691195680.295101,16724000,0.47780001163482666
1691196003.825589,16768000,0.4722999930381775
1691196449.279275,16828000,0.4758000075817108
1691196864.917622,16884000,0.47609999775886536
1691197043.016563,16908000,0.4740000069141388
1691197611.135535,16984000,0.4740999937057495
1691197702.186858,16996000,0.4749000072479248
1691197794.718474,17008000,0.47530001401901245
1691197949.008996,17028000,0.4731000065803528
1691198692.103746,17124000,0.4747999906539917
1691199855.260091,17272000,0.4722999930381775
1691200021.309969,17292000,0.4756999909877777
1691200187.853757,17312000,0.47510001063346863
1691200390.369859,17336000,0.4731000065803528
1691201859.599768,17504000,0.4771000146865845
1691201965.77911,17516000,0.4771000146865845
1691202539.50359,17580000,0.47850000858306885
1691202832.011089,17612000,0.47760000824928284
1691202978.547397,17628000,0.47450000047683716
1691203533.680554,17688000,0.47850000858306885
1691203608.005866,17696000,0.4771000146865845
1691204014.370982,17740000,0.47850000858306885
1691204308.665827,17772000,0.4794999957084656
1691204718.870841,17816000,0.478300005197525
1691205168.934885,17864000,0.4781000018119812
1691206042.303173,17956000,0.47609999775886536
1691206276.762052,17980000,0.47780001163482666
1691207453.500076,18100000,0.47839999198913574
1691207849.707218,18140000,0.47679999470710754
1691208009.759412,18156000,0.4733999967575073
1691209023.273652,18256000,0.4749999940395355
1691209188.981852,18272000,0.4756999909877777
1691209432.727335,18296000,0.474700003862381
1691209764.58285,18328000,0.47609999775886536
1691210770.357558,18424000,0.474700003862381
1691210896.886262,18436000,0.476500004529953
1691211023.460003,18448000,0.47620001435279846
1691212616.226284,18596000,0.47600001096725464
1691212836.603908,18616000,0.4747999906539917
1691213016.842974,18632000,0.47690001130104065
1691213061.837036,18636000,0.4733999967575073
1691213196.168604,18648000,0.47360000014305115
1691213419.608394,18668000,0.4731999933719635
1691213919.567842,18712000,0.4754999876022339
1691214286.053238,18744000,0.4749000072479248
1691214467.645327,18760000,0.4758000075817108
1691214558.4569,18768000,0.4740999937057495
1691214835.622703,18792000,0.47510001063346863
1691215209.705718,18824000,0.47589999437332153
1691215257.513096,18828000,0.4756999909877777
1691215539.833529,18852000,0.47279998660087585
1691215681.056519,18864000,0.4749000072479248
1691216349.185365,18920000,0.4772999882698059
1691216687.45075,18948000,0.4749999940395355
1691217759.54119,19036000,0.4772999882698059
1691218122.082458,19064000,0.4765999913215637
1691218444.098563,19088000,0.47679999470710754
1691218661.538199,19104000,0.4763999879360199
1691218715.842857,19108000,0.47679999470710754
1691220260.154685,19216000,0.4805000126361847
1691220446.92843,19228000,0.477400004863739
1691220632.355837,19240000,0.4767000079154968
1691220878.557485,19256000,0.4740000069141388
1691221871.565091,19320000,0.474700003862381
1691221996.196217,19328000,0.4733999967575073
1691222121.753639,19336000,0.4724000096321106
1691222184.967506,19340000,0.4733000099658966
1691222248.122676,19344000,0.4747999906539917
1691222761.724078,19376000,0.47540000081062317
1691225286.725489,19528000,0.4733999967575073
1691226152.553105,19580000,0.47839999198913574
1691227197.562402,19640000,0.47850000858306885
1691228549.962815,19716000,0.4779999852180481
1691228838.352913,19732000,0.47769999504089355
1691229344.676895,19760000,0.48179998993873596
1691229632.244882,19776000,0.48089998960494995
1691229990.360474,19796000,0.4805999994277954
1691232300.536504,19920000,0.47909998893737793
1691233070.011829,19960000,0.4799000024795532
1691233147.212585,19964000,0.4805000126361847
1691235654.804341,20092000,0.4781000018119812
1691237632.876884,20188000,0.4803999960422516
1691238815.74047,20244000,0.4812999963760376
1691239240.344415,20264000,0.47909998893737793
1691240340.779638,20316000,0.4814999997615814
1691240425.432597,20320000,0.47929999232292175
1691241107.261366,20352000,0.47769999504089355
1691241286.482698,20360000,0.4772000014781952
1691241734.835235,20380000,0.48019999265670776
1691245192.238886,20528000,0.478300005197525
1691245579.575386,20544000,0.4763999879360199
1691245965.480089,20560000,0.4790000021457672
1691247069.283294,20604000,0.4803999960422516
1691247170.70305,20608000,0.47620001435279846
1691247378.254622,20616000,0.47780001163482666
1691247484.26133,20620000,0.477400004863739
1691251328.920189,20748000,0.47929999232292175
1691252804.538612,20792000,0.4821000099182129
1691253073.813822,20800000,0.4814999997615814
1691253755.739981,20820000,0.48179998993873596
1691254026.898594,20828000,0.47920000553131104
1691254733.58902,20848000,0.4767000079154968
1691255642.17325,20872000,0.47620001435279846
1691256708.854789,20900000,0.47859999537467957
1691258712.984123,20952000,0.4788999855518341
1691259725.307043,21012000,0.47929999232292175
1691259772.235242,21032000,0.48069998621940613
1691259809.943473,21048000,0.4778999984264374
1691259838.221449,21060000,0.47999998927116394
1691260036.084048,21144000,0.4787999987602234
1691260121.019696,21180000,0.47690001130104065
1691260338.469616,21272000,0.48030000925064087
1691260347.950931,21276000,0.48249998688697815
1691260376.369763,21288000,0.4787999987602234
1691260395.338089,21296000,0.4828000068664551
1691260433.261137,21312000,0.47999998927116394
1691260489.897515,21336000,0.4805000126361847
1691260754.727385,21448000,0.48260000348091125
1691260830.526298,21480000,0.4794999957084656
1691261048.285599,21572000,0.4812000095844269
1691261133.749336,21608000,0.48089998960494995
1691261143.265701,21612000,0.4803999960422516
1691261276.424731,21668000,0.4799000024795532
1691261342.948827,21696000,0.47920000553131104
1691261542.525462,21780000,0.48350000381469727
1691261609.168668,21808000,0.48399999737739563
1691261628.262706,21816000,0.4821000099182129
1691261656.917243,21828000,0.48179998993873596
1691261675.963109,21836000,0.4828999936580658
1691262106.168308,22016000,0.4828000068664551
1691262154.106747,22036000,0.4837000072002411
1691262163.68205,22040000,0.48410001397132874
1691262230.794228,22068000,0.4828999936580658
1691262269.192147,22084000,0.4832000136375427
1691262288.328589,22092000,0.48510000109672546
1691262499.16853,22180000,0.48249998688697815
1691262710.263368,22268000,0.4821000099182129
1691263066.404724,22416000,0.4799000024795532
1691263443.60409,22572000,0.4778999984264374
1691263540.439101,22612000,0.47859999537467957
1691263676.119233,22668000,0.47909998893737793
1691263870.361036,22748000,0.4799000024795532
1691264219.207909,22892000,0.47940000891685486
1691264287.123921,22920000,0.48249998688697815
1691264384.317543,22960000,0.48159998655319214
1691264500.887339,23008000,0.48170000314712524
1691264529.948199,23020000,0.4814999997615814
1691264549.328509,23028000,0.4814999997615814
1691264559.053004,23032000,0.4821000099182129
1691264694.960588,23088000,0.4805000126361847
1691264782.467177,23124000,0.4814000129699707
1691264860.258673,23156000,0.47920000553131104
1691265277.854993,23328000,0.47839999198913574
1691265607.020767,23464000,0.4821999967098236
1691265732.841235,23516000,0.4796000123023987
1691265742.505637,23520000,0.47859999537467957
1691265761.855148,23528000,0.48350000381469727
1691266404.283937,23792000,0.47909998893737793
1691266453.412505,23812000,0.4799000024795532
1691266482.899313,23824000,0.4828000068664551
1691266561.577733,23856000,0.4832000136375427
1691266728.750222,23924000,0.47940000891685486
1691266817.511483,23960000,0.4812000095844269
1691266886.542504,23988000,0.4812000095844269
1691266945.67409,24012000,0.4821000099182129
1691267004.828373,24036000,0.48179998993873596
1691267014.700435,24040000,0.48190000653266907
1691267361.010031,24180000,0.4796999990940094
1691267440.349985,24212000,0.47940000891685486
1691267668.060769,24304000,0.47699999809265137
1691267687.841071,24312000,0.47699999809265137
1691267697.738426,24316000,0.4771000146865845
1691267974.548979,24428000,0.4765999913215637
1691268014.107379,24444000,0.4756999909877777
1691268033.875189,24452000,0.47450000047683716
1691268231.690271,24532000,0.47850000858306885
1691268281.33633,24552000,0.4805000126361847
1691268301.146681,24560000,0.47909998893737793
1691268320.950754,24568000,0.47699999809265137
1691268579.018414,24672000,0.4796999990940094
1691268948.73087,24820000,0.4819999933242798
1691269008.68416,24844000,0.4821000099182129
1691269108.446871,24884000,0.4803999960422516
1691269148.406484,24900000,0.4814999997615814
1691269188.365125,24916000,0.48170000314712524
1691269258.340917,24944000,0.48260000348091125
1691269328.340656,24972000,0.48159998655319214
1691269408.370297,25004000,0.4828999936580658
1691269688.805644,25116000,0.4794999957084656
1691269708.852802,25124000,0.4821999967098236
1691269779.028531,25152000,0.483599990606308
1691269859.309512,25184000,0.4821999967098236
1691269869.35524,25188000,0.48410001397132874
1691269899.465287,25200000,0.48399999737739563
1691270039.959751,25256000,0.4812000095844269
1691270180.532151,25312000,0.4819999933242798
1691270220.795836,25328000,0.47780001163482666
1691270240.94852,25336000,0.48069998621940613
1691270371.927785,25388000,0.48190000653266907
1691270482.846749,25432000,0.4812000095844269
1691270492.927597,25436000,0.48170000314712524
1691270543.352777,25456000,0.47920000553131104
1691270563.462934,25464000,0.4823000133037567
1691270593.612852,25476000,0.48030000925064087
1691270963.231902,25624000,0.47929999232292175
1691271142.6194,25696000,0.4821000099182129
1691271332.415152,25772000,0.4821999967098236
1691271392.43714,25796000,0.48010000586509705
1691271492.521283,25836000,0.4830999970436096
1691271633.442587,25892000,0.47699999809265137
1691271814.815766,25964000,0.47920000553131104
1691271845.134073,25976000,0.4821000099182129
1691271855.273244,25980000,0.4830000102519989
1691272188.970422,26112000,0.4787999987602234
1691272219.309075,26124000,0.48170000314712524
1691272310.226093,26160000,0.4832000136375427
1691272371.031447,26184000,0.4810999929904938
1691272421.629193,26204000,0.4830000102519989
1691272431.76112,26208000,0.4830999970436096
1691272553.766518,26256000,0.4796000123023987
1691272604.967643,26276000,0.47769999504089355
1691272769.11471,26340000,0.47769999504089355
1691272820.533518,26360000,0.48080000281333923
1691272871.841386,26380000,0.48080000281333923
1691272912.939922,26396000,0.48019999265670776
1691273077.535037,26460000,0.4778999984264374
1691273221.482508,26516000,0.47929999232292175
1691273426.959984,26596000,0.482699990272522
1691273550.259134,26644000,0.4812999963760376
1691273674.547664,26692000,0.4830000102519989
1691274037.952532,26832000,0.4830000102519989
1691274110.839518,26860000,0.48089998960494995
1691274162.875938,26880000,0.4821000099182129
1691274183.665034,26888000,0.4821999967098236
1691274204.519359,26896000,0.4823000133037567
1691274267.019735,26920000,0.48159998655319214
1691274308.666195,26936000,0.4828000068664551
1691274475.285557,27000000,0.48190000653266907
1691274590.095663,27044000,0.483599990606308
1691274610.970452,27052000,0.4812999963760376
1691274746.477395,27104000,0.48080000281333923
1691274840.681369,27140000,0.48179998993873596
1691275018.346239,27208000,0.48159998655319214
1691275217.226706,27284000,0.4790000021457672
1691275321.893038,27324000,0.47909998893737793
1691275384.513704,27348000,0.47940000891685486
1691275436.883343,27368000,0.47999998927116394
1691275457.796481,27376000,0.4830999970436096
1691275520.596153,27400000,0.4814000129699707
1691275614.535702,27436000,0.48080000281333923
1691275781.954658,27500000,0.4788999855518341
1691276191.240689,27656000,0.482699990272522
1691276212.280993,27664000,0.48260000348091125
1691276243.812898,27676000,0.48019999265670776
1691276359.749146,27720000,0.48069998621940613
1691276433.508009,27748000,0.4805000126361847
1691276666.305756,27836000,0.4796999990940094
1691276835.307582,27900000,0.4805000126361847
1691277004.074443,27964000,0.4794999957084656
1691277056.876761,27984000,0.4812000095844269
1691277078.040168,27992000,0.4794999957084656
1691277109.682215,28004000,0.4796999990940094
1691277226.346018,28048000,0.4799000024795532
1691277289.956181,28072000,0.48030000925064087
1691277396.348026,28112000,0.4796999990940094
1691277406.939045,28116000,0.47679999470710754
1691277566.709303,28176000,0.48030000925064087
1691277662.570168,28212000,0.48170000314712524
1691277673.277395,28216000,0.48080000281333923
1691278025.850983,28348000,0.48170000314712524
1691278272.065301,28440000,0.482699990272522
1691278346.98631,28468000,0.4812000095844269
1691278378.992245,28480000,0.4812000095844269
1691278443.336884,28504000,0.4812999963760376
1691278850.230533,28656000,0.483599990606308
1691278989.34923,28708000,0.4810999929904938
1691279000.073695,28712000,0.48500001430511475
1691279021.519707,28720000,0.48410001397132874
1691279085.708991,28744000,0.48240000009536743
1691279117.834995,28756000,0.4821000099182129
1691279310.980731,28828000,0.4799000024795532
1691279504.861593,28900000,0.4821000099182129
1691279764.147372,28996000,0.48069998621940613
1691279807.422329,29012000,0.4812000095844269
1691279937.308549,29060000,0.4803999960422516
1691280034.946348,29096000,0.4805000126361847
1691280240.35929,29172000,0.47909998893737793
1691280337.770161,29208000,0.47929999232292175
1691280402.830404,29232000,0.47999998927116394
1691280685.168405,29336000,0.47999998927116394
1691280728.765848,29352000,0.47850000858306885
1691280750.576843,29360000,0.4794999957084656
1691280892.659701,29412000,0.47760000824928284
1691280947.363519,29432000,0.47999998927116394
1691281002.039952,29452000,0.47760000824928284
1691281045.772529,29468000,0.47870001196861267
1691281155.172625,29508000,0.4805000126361847
1691281242.560531,29540000,0.4779999852180481
1691281593.811725,29668000,0.4803999960422516
1691281670.681942,29696000,0.47749999165534973
1691281791.454323,29740000,0.4805000126361847
1691281802.439963,29744000,0.47909998893737793
1691281835.419948,29756000,0.48019999265670776
1691281868.361066,29768000,0.4767000079154968
1691282066.613459,29840000,0.4767000079154968
1691282110.819829,29856000,0.478300005197525
1691282155.086164,29872000,0.47769999504089355
1691282177.190526,29880000,0.47760000824928284
1691282309.726489,29928000,0.47870001196861267
1691282575.053082,30024000,0.48010000586509705
1691282708.201557,30072000,0.47920000553131104
1691282796.979924,30104000,0.4796999990940094
1691282863.503648,30128000,0.4797999858856201
1691282984.740661,30172000,0.4797999858856201
1691283073.346519,30204000,0.478300005197525
1691283095.647395,30212000,0.478300005197525
1691283162.36888,30236000,0.47690001130104065
1691283228.833698,30260000,0.47769999504089355
1691283361.735811,30308000,0.4805999994277954
1691283540.280911,30372000,0.48069998621940613
1691283618.790348,30400000,0.4796999990940094
1691283641.163501,30408000,0.4810999929904938
1691283663.543643,30416000,0.4828000068664551
1691283697.13023,30428000,0.4821999967098236
1691284044.494823,30552000,0.48350000381469727
1691284055.708811,30556000,0.4810999929904938
1691284111.887032,30576000,0.4790000021457672
1691284268.826044,30632000,0.4796999990940094
1691284291.210153,30640000,0.48249998688697815
1691284302.490449,30644000,0.48030000925064087
1691284572.964336,30740000,0.484499990940094
1691284979.693244,30884000,0.48080000281333923
1691285047.636526,30908000,0.48240000009536743
1691285058.95262,30912000,0.4821999967098236
1691285081.528918,30920000,0.48399999737739563
1691285376.114055,31024000,0.4788999855518341
1691285387.425327,31028000,0.48089998960494995
1691285421.356367,31040000,0.4832000136375427
1691285432.754922,31044000,0.48030000925064087
1691285806.977839,31176000,0.47870001196861267
1691285818.321242,31180000,0.47909998893737793
1691285977.973573,31236000,0.48159998655319214
1691286114.384345,31284000,0.4812000095844269
1691286309.051669,31352000,0.4823000133037567
1691286354.918613,31368000,0.4832000136375427
1691286446.988299,31400000,0.48170000314712524
1691286504.851596,31420000,0.48030000925064087
1691286516.504491,31424000,0.4797999858856201
1691286585.83817,31448000,0.482699990272522
1691286816.695488,31528000,0.47999998927116394
1691286966.239799,31580000,0.48080000281333923
1691287035.283982,31604000,0.4837000072002411
1691287208.934519,31664000,0.48510000109672546
1691287220.485984,31668000,0.48350000381469727
1691287324.331674,31704000,0.48500001430511475
1691287347.562322,31712000,0.4837000072002411
1691287359.179374,31716000,0.48500001430511475
1691287439.93412,31744000,0.4855000078678131
1691288015.829354,31944000,0.48100000619888306
1691288480.241092,32104000,0.48410001397132874
1691288515.076013,32116000,0.482699990272522
1691288526.675761,32120000,0.48559999465942383
1691288549.930629,32128000,0.4839000105857849
1691288713.391719,32184000,0.48030000925064087
1691288806.615778,32216000,0.4797999858856201
1691288935.194283,32260000,0.4790000021457672
1691289074.840288,32308000,0.48190000653266907
1691289086.467737,32312000,0.48170000314712524
1691289167.985755,32340000,0.4805999994277954
1691289296.356945,32384000,0.4812000095844269
1691289601.003224,32488000,0.4805999994277954
1691289695.363137,32520000,0.4796999990940094
1691289836.963029,32568000,0.48249998688697815
1691289860.539188,32576000,0.4828000068664551
1691289919.232794,32596000,0.48010000586509705
1691290083.664952,32652000,0.483599990606308
1691290095.417207,32656000,0.4853000044822693
1691290118.986459,32664000,0.4846000075340271
1691290343.189384,32740000,0.4832000136375427
1691290425.778784,32768000,0.48339998722076416
1691290520.602841,32800000,0.4799000024795532
1691290532.428812,32804000,0.4805999994277954
1691290710.278283,32864000,0.48179998993873596
1691290722.163201,32868000,0.48159998655319214
1691290865.360106,32916000,0.4810999929904938
1691290877.248055,32920000,0.4805000126361847
1691291175.322848,33020000,0.4821000099182129
1691291438.189307,33108000,0.48240000009536743
1691291510.014252,33132000,0.4805999994277954
1691291545.840055,33144000,0.4830000102519989
1691291557.791562,33148000,0.48260000348091125
1691291605.757177,33164000,0.48030000925064087
1691291665.72914,33184000,0.48260000348091125
1691291725.508808,33204000,0.4819999933242798
1691292300.352331,33396000,0.4830000102519989
1691292336.346203,33408000,0.48080000281333923
1691292468.367798,33452000,0.4832000136375427
1691292504.387813,33464000,0.48159998655319214
1691292576.43883,33488000,0.4812999963760376
1691292636.478038,33508000,0.48069998621940613
1691292732.953695,33540000,0.48179998993873596
1691292877.783212,33588000,0.48080000281333923
1691293046.712411,33644000,0.48019999265670776
1691293106.96919,33664000,0.47999998927116394
1691293348.266501,33744000,0.48260000348091125
1691293589.850981,33824000,0.4823000133037567
1691293601.964387,33828000,0.48190000653266907
1691293650.564516,33844000,0.4796999990940094
1691294015.973698,33964000,0.47760000824928284
1691294176.150092,34016000,0.48159998655319214
1691294388.884369,34084000,0.48260000348091125
1691294500.32639,34120000,0.48350000381469727
1691294612.890241,34156000,0.4832000136375427
1691294724.99021,34192000,0.48179998993873596
1691294800.401055,34216000,0.48100000619888306
1691294812.992278,34220000,0.48260000348091125
1691294913.997499,34252000,0.4814999997615814
1691295395.15562,34404000,0.4844000041484833
1691295458.875204,34424000,0.48660001158714294
1691295612.198941,34472000,0.4851999878883362
1691295637.727978,34480000,0.48489999771118164
1691295650.527913,34484000,0.487199991941452
1691295727.420652,34508000,0.4851999878883362
1691296137.170323,34636000,0.4875999987125397
1691296188.247976,34652000,0.48559999465942383
1691296586.070684,34776000,0.48159998655319214
1691296663.663962,34800000,0.4851999878883362
1691296832.051282,34852000,0.4828999936580658
1691296896.599362,34872000,0.4828000068664551
1691296974.497247,34896000,0.4830000102519989
1691297234.713166,34976000,0.4797999858856201
1691297338.65749,35008000,0.4810999929904938
1691297364.690898,35016000,0.4796000123023987
1691297650.837312,35104000,0.4821999967098236
1691297676.816781,35112000,0.4837000072002411
1691297806.914278,35152000,0.48330000042915344
1691297950.234813,35196000,0.4821000099182129
1691298002.565051,35212000,0.48069998621940613
1691298028.536747,35220000,0.4812000095844269
1691298120.260103,35248000,0.47920000553131104
1691298225.235765,35280000,0.4814000129699707
1691298264.64905,35292000,0.482699990272522
1691298396.045227,35332000,0.4819999933242798
1691298817.554588,35460000,0.4832000136375427
1691298883.287283,35480000,0.48489999771118164
1691298975.220867,35508000,0.48179998993873596
1691299120.689397,35552000,0.4837000072002411
1691299200.058593,35576000,0.4832000136375427
1691299292.651226,35604000,0.4839000105857849
1691299438.575671,35648000,0.483599990606308
1691299504.823824,35668000,0.48080000281333923
1691299558.222757,35684000,0.4851999878883362
1691299813.098153,35760000,0.4828000068664551
1691300162.759057,35864000,0.4832000136375427
1691300216.795986,35880000,0.4812999963760376
1691300338.371914,35916000,0.4821000099182129
1691300419.368939,35940000,0.4821999967098236
1691300432.891102,35944000,0.4819999933242798
1691300486.884157,35960000,0.482699990272522
1691300703.508523,36024000,0.4803999960422516
1691300919.86565,36088000,0.4837000072002411
1691301068.20938,36132000,0.4837999939918518
1691301284.435484,36196000,0.48190000653266907
1691301406.353049,36232000,0.4812999963760376
1691301501.497713,36260000,0.48010000586509705
1691301569.294163,36280000,0.47850000858306885
1691302210.363811,36468000,0.48190000653266907
1691302265.097139,36484000,0.48019999265670776
1691302690.698167,36608000,0.4778999984264374
1691302801.225896,36640000,0.4803999960422516
1691302815.045028,36644000,0.48170000314712524
1691302842.711521,36652000,0.4805000126361847
1691302856.535137,36656000,0.4805999994277954
1691303174.467707,36748000,0.48170000314712524
1691303216.064497,36760000,0.4823000133037567
1691303257.657596,36772000,0.48190000653266907
1691303354.667226,36800000,0.47999998927116394
1691303396.244453,36812000,0.4803999960422516
1691303465.967273,36832000,0.48170000314712524
1691303521.909274,36848000,0.48240000009536743
1691303647.34867,36884000,0.4796999990940094
1691303661.169788,36888000,0.4796999990940094
1691303716.805442,36904000,0.4819999933242798
1691303827.815514,36936000,0.47999998927116394
1691304021.724034,36992000,0.4803999960422516
1691304077.356205,37008000,0.48030000925064087
1691304091.332149,37012000,0.4794999957084656
1691304623.240389,37164000,0.48339998722076416
1691304792.55741,37212000,0.4819999933242798
1691304820.949637,37220000,0.4821000099182129
1691304919.966353,37248000,0.48019999265670776
1691305060.64381,37288000,0.4814000129699707
1691305074.803212,37292000,0.48179998993873596
1691305131.097948,37308000,0.482699990272522
1691305159.254369,37316000,0.48260000348091125
1691305215.629102,37332000,0.482699990272522
1691305257.776942,37344000,0.48080000281333923
1691305384.503976,37380000,0.48170000314712524
1691305483.911598,37408000,0.48339998722076416
1691305583.609214,37436000,0.48179998993873596
1691305669.403555,37460000,0.4832000136375427
1691305683.643481,37464000,0.483599990606308
1691305769.602811,37488000,0.4837000072002411
1691305841.151041,37508000,0.4828000068664551
1691305982.850595,37548000,0.4819999933242798
1691306124.87127,37588000,0.4821999967098236
1691306210.237164,37612000,0.48350000381469727
1691306295.812106,37636000,0.48590001463890076
1691306424.992547,37672000,0.4844000041484833
1691306712.266309,37752000,0.4821000099182129
1691306755.614286,37764000,0.4832000136375427
1691306784.453889,37772000,0.4812999963760376
1691306957.650764,37820000,0.4812999963760376
1691306972.174225,37824000,0.48159998655319214
1691307087.837335,37856000,0.483599990606308
1691307174.720476,37880000,0.48420000076293945
1691307203.762711,37888000,0.4837000072002411
1691307434.968486,37952000,0.48069998621940613
1691307449.57735,37956000,0.4821999967098236
1691307464.039794,37960000,0.4832000136375427
1691307492.881011,37968000,0.48249998688697815
1691307896.420912,38080000,0.4814999997615814
1691307954.440059,38096000,0.4812999963760376
1691308157.926598,38152000,0.48240000009536743
1691308288.919261,38188000,0.48190000653266907
1691308419.892536,38224000,0.4828000068664551
1691308565.508483,38264000,0.48190000653266907
1691308638.7366,38284000,0.4821999967098236
1691308962.180549,38372000,0.47940000891685486
1691309080.025884,38404000,0.4803999960422516
1691309168.452154,38428000,0.4797999858856201
1691309359.74295,38480000,0.4794999957084656
1691309843.596417,38612000,0.47699999809265137
1691310060.964081,38672000,0.4779999852180481
1691310104.66205,38684000,0.4796999990940094
1691310118.994893,38688000,0.48030000925064087
1691310163.036608,38700000,0.48069998621940613
1691310296.028068,38736000,0.47929999232292175
1691310354.489235,38752000,0.48089998960494995
1691310413.029076,38768000,0.4794999957084656
1691310588.751663,38816000,0.4805000126361847
1691310603.534949,38820000,0.4797999858856201
1691310705.547027,38848000,0.4812999963760376
1691311061.553712,38944000,0.4812999963760376
1691311091.780413,38952000,0.4821999967098236
1691311314.685304,39012000,0.48170000314712524
1691311329.660521,39016000,0.4805000126361847
1691311359.533003,39024000,0.4821000099182129
1691311419.468696,39040000,0.48089998960494995
1691311464.19311,39052000,0.47839999198913574
1691311597.88547,39088000,0.4799000024795532
1691311838.117793,39152000,0.48100000619888306
1691311882.561337,39164000,0.4837999939918518
1691311987.595559,39192000,0.48330000042915344
1691312212.047403,39252000,0.48260000348091125
1691312379.046426,39296000,0.48170000314712524
1691312578.984383,39348000,0.48019999265670776
1691312777.162539,39400000,0.48080000281333923
1691312989.793303,39456000,0.4794999957084656
1691313036.443519,39468000,0.48080000281333923
1691313144.177535,39496000,0.47999998927116394
1691313435.774011,39572000,0.4805000126361847
1691313451.112146,39576000,0.47999998927116394
1691313557.514947,39604000,0.48030000925064087
1691313603.083702,39616000,0.48010000586509705
1691313649.091734,39628000,0.4794999957084656
1691313787.091617,39664000,0.4805999994277954
1691313802.151957,39668000,0.48080000281333923
1691313817.639791,39672000,0.4772000014781952
1691314093.201123,39744000,0.4794999957084656
1691314216.291328,39776000,0.48159998655319214
1691314277.241999,39792000,0.4799000024795532
1691314292.916081,39796000,0.47859999537467957
1691314308.630801,39800000,0.47999998927116394
1691314401.264879,39824000,0.4812000095844269
1691314463.912587,39840000,0.4794999957084656
1691314665.182224,39892000,0.4823000133037567
1691314742.903228,39912000,0.482699990272522
1691314758.476043,39916000,0.4812000095844269
1691314804.838174,39928000,0.482699990272522
1691314882.109755,39948000,0.482699990272522
1691314975.296041,39972000,0.48350000381469727
1691315084.644094,40000000,0.48399999737739563
